Entity,Facebook,Flickr,Friendster,Google Buzz,Google+,Hi5,Instagram,MySpace,Orkut,Pinterest,Reddit,Snapchat,TikTok,Tumblr,Twitter,WeChat,Weibo,Whatsapp,YouTube,Grand Total
Year,Monthly active users (Statista and TNW (2019)) (Sum),,,,,,,,,,,,,,,,,,,
2002,,,3000000,,,,,,,,,,,,,,,,,3000000
2003,,,4470000,,,,,,,,,,,,,,,,,4470000
2004,,3675135,5970054,,,,,980036,4900180,,,,,,,,,,,15525405
2005,,7399354,7459742,,,9731610,,19490059,9865805,,,,,,,,,,1946322,55892892
2006,,14949270,8989854,,,19932360,,54763260,14966180,,248309,,,,,,,,19878248,133727481
2007,,29299875,24253200,,,29533250,,69299875,26916562,,488331,,,,,,,,143932250,323723343
2008,100000000,30000000,51008911,,,55045618,,72408233,44357628,,1944940,,,,,,,,294493950,649259280
2009,276000000,41834525,28804331,,,57893524,,70133095,47366905,,3893524,,,,,,,,413611440,939537344
2010,517750000,54708063,,166029650,,59953290,,68046710,49941613,,,,,,43250000,,19532900,,480551990,1459764216
2011,766000000,66954600,,170000000,,46610848,,46003536,47609080,,,,,,92750000,47818400,48691040,,642669824,1975107328
2012,979750000,79664888,,170000000,107319100,,,,45067022,,,,,146890156,160250000,118123370,79195730,,844638200,2730898466
2013,1170500000,80000000,,170000000,205654700,,117500000,,,,,,,293482050,223675000,196523760,118261880,300000000,1065223075,3940820465
2014,1334000000,,,170000000,254859015,,250000000,,,,135786956,,,388721163,223675000,444232415,154890345,498750000,1249451725,5104366619
2015,1516750000,,,170000000,298950015,,400000000,,,,163346676,,,475923363,304500000,660843407,208716685,800000000,1328133360,6327163506
2016,1753500000,,,,398648000,,550000000,,,143250000,238972480,238648000,,565796720,314500000,847512320,281026560,1000000000,1399053600,7730907680
2017,2035750000,,,,495657000,,750000000,,,195000000,297394200,,239142500,593783960,328250000,921742750,357569030,1333333333,1495657000,9043279773
2018,2255250000,,,,430000000,,1000000000,,,246500000,355000000,,500000000,624000000,329500000,1000000000,431000000,,1900000000,9071250000
2019,2375000000,,,,,,,,,291000000,,,,,330000000,,,,,2996000000
Grand Total,15080250000,408485710,133956092,1016029650,2191087830,278700500,3067500000,401124804,290990975,875750000,1197075416,238648000,739142500,3088597412,2350350000,4236796422,1698884170,3932083333,11279240984,52504693798